,SampleName
0,GFSDK_NVDOF_LIB.win32.dll
1,MExplorer.dll
2,QLibWrapper.dll
3,R-4.0.5-win.exe
4,NDP471-DevPack-ENU.exe
5,NvContainerSetup.exe
6,pdf24-Twain32.exe
7,Pythonwin.exe
8,Sonos.exe1_781B722A401B419292527A03C5A4E374.exe
9,TeamViewer_Setup.exe
10,windirstat.exe
11,wininst-7.1.exe
12,wininst-8.0.exe
13,8Bitdo_Update(Pro).exe
14,lccmake.exe
15,Lesson1J.exe
16,Lesson1ME1_4.exe
17,Lesson2A.exe
18,Lesson3C.exe
19,Lesson3GE3_2.exe
20,Lesson3HE3_3.exe
21,Lesson4C.exe
22,Lesson5A.exe
23,Lesson5GE5_4.exe
24,Lesson6A.exe
25,Lesson6BE6_1.exe
26,Lesson7A.exe
27,Lesson7BE7_1.exe
28,Lesson7HE7_4.exe
29,Lesson8A.exe
30,Lesson8F.exe
31,Lesson9A.exe
32,Logo.exe
33,LuInstall.exe
34,MAINT.exe
35,movieplayer.exe
36,notifu.exe
37,NvProfileUpdater32.exe
38,nvStreaming.exe
39,NvTelemetryContainer.exe
40,nxplayer.exe
41,OriginUninstall.exe
42,OWUninstaller.exe
43,RazerDriverInit.exe
44,RtlUpd.exe
45,screensaver_setup.exe
46,secd.exe
47,SetEHCIKey.exe
48,SetupChipset.exe
49,SonySCSIHelperService.exe
50,SpotifyHelper.exe
51,SpotifyMigrator.exe
52,SpotifyWebHelper.exe
53,symcdefs.exe
54,SynMagnifier.exe
55,Touchup.exe
56,umcbi.exe
57,vc_redist.x86_2015.exe
58,VisualBoyAdvance.exe
59,Wappsign.exe
60,Zoom_cm_fogu5Z9vvrZo4_muwYmCQQ3dArvJ8DaFDnF3dcBDa7Jii99u6tF@7Ftrr9KBhfGjzwpk_kf2f4aae209f17ee7_.exe
61,adelrcp.exe
62,AcroRdrDC1901020064_MUI.exe
63,AdobeGenuineSlimInstaller.exe
64,Apache_OpenOffice_4.1.9_Win_x86_install_en-US.exe
65,ClassicExplorerSettings.exe
66,ClassicShellUpdate.exe
67,CodecTweakTool.exe
68,CtxTwnPA.exe
69,DiskInfo32.exe
70,G2MScrUtil32.exe
71,gspawn-win64-helper.exe
72,AdbeRdr940_en_US.exe
73,adobearm.exe
74,AMD_DCOptSetup.exe
75,AWShortcut_958EE30DA27C40E0A5A6991D496C0B52.exe
76,Batman.exe
77,BOINCMGRLink_B65C4A4D2B2A46CCA2D918164C6297B8.exe
78,BrotherOfflineChk.exe
79,BrownianMotion.exe
80,Cleanup.exe
81,DrevoService.exe
82,DrvLangChg.exe
83,ebasic.exe
84,EventViewerShortcu_76E67E6157E04378993DB5E66098550F.exe
85,ExpressVPNNotificationServiceStarter.exe
86,FacadeInstaller103p.exe
87,FlashUtil_ActiveX.exe
88,gc3_prefs_wipe.exe
89,hidedlg.exe
90,HPPSDrDownloader.exe
91,hpwucli.exe
92,hpwuschd2.exe
93,HumSettings.exe
94,icardagt.exe
95,igoproxy.exe
96,KindleForPC-installer-1.30.59056.exe
97,imjpmig.exe
98,VirusShare_2ec58c115052204d988073f7a72c7bec
99,VirusShare_4085820a53a7f8dd58d4ba5ecf94e42b
100,VirusShare_4ea9cbd08cfa61f4d478cd71c17e7614
101,VirusShare_7ca4cdcba1be6caa56389263390a5363
102,VirusShare_8788286c2227ff2b69062ca8a29c43e9
103,VirusShare_b3b1b34540837bc3c56586131414b9fa
104,VirusShare_b6b4388803822db00cc30ee45050c3dc
105,VirusShare_c62f86d28f4a0426eca1b6cd8031ecac
106,VirusShare_d1782106b81464ce0866772d4f494a87
107,VirusShare_d454cf8158b1432c4c9f508d09f4276f
108,VirusShare_e0a83b0d9c92a3bb981c305f0b0c61a1
109,VirusShare_e2b9e490fe948a643d1bed89278ae7d0
110,VirusShare_f11608805107ea4f6d50abee7cdfa699
111,VirusShare_247ecf30a1abe4362397908763ddd747
112,VirusShare_410e395600c291c59d8c9b93fa82a7f3
113,VirusShare_65254dd0357fa165347f19aa71b164f1
114,VirusShare_7fd1e59f30df31d9ed977f35a101f763
115,VirusShare_83e3e73ad4ee19ca9aafced09aff557c
116,VirusShare_0060bcbf9708953dafeb5d6a03baae82
117,VirusShare_00a394da4b713beb603cb872f40236f4
118,VirusShare_1150e43623cee9d760d60bc36f987d30
119,VirusShare_13a204320a688c224469e64f1b2d702c
120,VirusShare_1ddfc527908f15ada9081e5c18a5fa7e
121,VirusShare_3122cf7b9d464e4b86ac87b12bf7ca86
122,VirusShare_3217a69d3db7f73a6ad808ee9adb5574
123,VirusShare_5121148c41f6e79b1ccc9a24894c0054
124,VirusShare_551ee3b712225da3a94cfaad70130808
125,VirusShare_578ea5c433bab6d2e41492ebb500bd11
126,VirusShare_6550f95bf6227fa75b88b734ffe97a4d
127,VirusShare_6dc0a580fad115a741ff6779ffbf3569
128,VirusShare_6fffdb88292eeed0483b4030e58f401e
129,VirusShare_71e5b89d5a804ddbe84fa4950bf97ac7
130,VirusShare_7e5fff83654c434724f3f73b5cab3071
131,VirusShare_84f2029acdd941a9e25a7a91f5c3913e
132,VirusShare_91216825e42e9d9e487579b11cc45d9e
133,VirusShare_940619afa3a809b5a81a828a4ec87ee8
134,VirusShare_9a441c87516e5f1405b9503aeec0f6e4
135,VirusShare_9b1e1709f91e8e3c10a771b810a5a060
136,VirusShare_a43b3af9c88bf86e0f285563cf4f38c2
137,VirusShare_a864155bedc9e28d5ea8f1dea4501609
138,VirusShare_ad7ecfb867e1d9fab24929cb7c4ce418
139,VirusShare_b1c4ad52989f3f509d7023338c90b7f5
140,VirusShare_b60f2b76f93189a32b8e0d4fbda682a0
141,VirusShare_b8af9b4b4445ea1db337b915a9ecc35a
142,VirusShare_b98d63f4ad8168641f862a2dad07f421
143,VirusShare_be9523ee09aadc317775f0c566d091aa
144,VirusShare_bfc98464ea3ee3370ecccaeadc95a4cb
145,VirusShare_c4dd0d655b4d33f40da2ab2767d2f320
146,VirusShare_c6e336550bd1c087ee2a211781fd9280
147,VirusShare_c7d2c170482d17e2e76e6937bd8ab9a5
148,VirusShare_c9d78c25b5b09c9614ccbf34ebc0b1fe
149,VirusShare_cf30beec2f9733b03b37fd03297ad122
150,VirusShare_def2ba9535e5625d5afec7a5f57614e6
151,VirusShare_df0a6c88d4c47596ad932d17cd7bc6b3
152,VirusShare_e1f0b127e47c5a9b86dfd601875d646e
153,VirusShare_ec52a11625bdb4aad3740ff8cc6d8c0f
154,VirusShare_f9e84d7ac28bfd2ea67a272b17d09e4f
155,VirusShare_fda53bd2e8f610c88bfac23431d8876a
156,VirusShare_018433e8e815d9d2065e57b759202edc
157,VirusShare_05719f4a5d89b3336a01a912db64eeab
158,VirusShare_0782cb2867ff67fbbdc4583028c4675b
159,VirusShare_07cdfe5e1b718f98dd19945c2457c3f6
160,VirusShare_0e1f770502b3345b805acd9b08a186f2
161,VirusShare_1623b27435f7150a1c1f6c09bff05bff
162,VirusShare_1ce54bdfed52e03f510dd34fd4a48d16
163,VirusShare_1d31e20c59c4f708cef66a3e344535e9
164,VirusShare_1ea74fdfa2d066b20ec2caac566ecbc3
165,VirusShare_2039c5df8b9e61f28e315586b8f698dd
166,VirusShare_34d16abc6fe6d6c3e8be02cc5e06bbc2
167,VirusShare_3a0357eba34ac8fd628a0cb66406fa6d
168,VirusShare_3b36fb3a8cf15b0c5a288329e357e916
169,VirusShare_3f8b71735345b93a60b642285f51105e
170,VirusShare_3fb49af230dada175d02871af378ecfb
171,VirusShare_4d20a39dcb0069a9bc0d76cbd0dd2a44
172,VirusShare_5ad74fbf809da1d194f5b75f676861dd
173,VirusShare_5b32bbdcd21b9c036cb9bcb1d9c03e70
174,VirusShare_6880e468ccf4180ecc8d08bb13d7bebc
175,VirusShare_6d6ee61a247e6dedc35dc9eea21d7a09
176,VirusShare_7c88c0fe617a4a888b23e94370403aca
177,VirusShare_7d0355eccb8a03fca508b1a818e80cb4
178,VirusShare_ab717644038c7543285e9b3912caae01
179,VirusShare_b0053d6fde1d11199b8b41cfdca22b76
180,VirusShare_b107945f4789079e04014f39a8726c9c
181,VirusShare_ba81ab7dfed9fd03b0426016ba1df452
182,VirusShare_c6b0f8ec066d1468b86edc9f742a0081
183,VirusShare_cb2a41eff03afe798e6bb85a5458a3ca
184,VirusShare_dc1be6abf3116666b8fc92ce2cd535f9
185,VirusShare_e0045168687d65e4b2c53ea6a04a1f8d
186,VirusShare_eac50aecd140f50a9b05bd1d7ead0895
187,VirusShare_ffd0f34739c1568797891b9961111464
188,VirusShare_ffd33c08b83c8b56bd7de7103600a3db
189,VirusShare_05f6a46cadf9e26cb52774475f80908c
190,VirusShare_0f0b9ac24a6e721aead5c63bcebc2562
191,VirusShare_10576827b0d59d24a4c083e90c195a36
192,VirusShare_135b22dfff103b8fed3714e45a845e9c
193,VirusShare_19efbd4dbf6f67048e3367d0a4253de2
194,VirusShare_1bcd3dae242631dee8a68507ab66a2bd
195,VirusShare_26e93ce107cf2bd24fdd4e103c5838f5
196,VirusShare_2974e2e897e2a844d89ef2ce2b71df10
197,VirusShare_29fe392ae2db5c7f7193e7a4882d94c0
198,VirusShare_2c12f2eb815a0d69d3f8639230937ef1
199,VirusShare_3538459e9cf945a4866ce30a59f802c2
200,VirusShare_36ed6ebbde3ca54e4a71950518b5572e
201,VirusShare_37e100dd8b2ad8b301b130c2bca3f1ea
202,VirusShare_3f55bf395523399ce0c4fcc606e3475a
203,VirusShare_41f279166d9c53ab345e39e679fc750e
204,VirusShare_4d6eb6f2c2e8350d87321802468d99a7
205,VirusShare_676c16b896c603666e4489204278a725
206,VirusShare_73f38e4d002ec254e49b7f1fdde939b5
207,VirusShare_75644f07d885ad5fadf18febe734c70e
208,VirusShare_7c2bd48da2231d41ba6fb2b3b033dd45
209,VirusShare_7c5aa530a6c727c83e40dffcf0ce76e2
210,VirusShare_7e78405fd49b4ddc8fd9e0d13649b75f
211,VirusShare_8de7d600d83bb3a6d2dd42932eed6f92
212,VirusShare_983fa0f76afeb023b9b4dafe61ae8115
213,VirusShare_9a7ca42a035a4cc6a6f138d49a5fec78
214,VirusShare_a5facd2acc00060f0f98d02265c333a1
215,VirusShare_b41f586fc9c95c66f0967f1592641a85
216,VirusShare_bbadd616a509e5da058c3a380c6d7d19
217,VirusShare_bbff77db1371806ffb2f5024d77dfe1b
218,VirusShare_c2db04938d51be8430d46f1fc1c3a55c
219,VirusShare_c37b2cf12c6cba570321adc257da95d1
220,VirusShare_c52770407f5a10ac1604f1fb883a99be
221,VirusShare_cd32ce54ed94dfbde7fb85930a16597d
222,VirusShare_d2ae514bad7a2a41ba9f4365665816c9
223,VirusShare_db295fb91a8b9e42d28340fb8f47c18e
224,VirusShare_defe397b41aa5219d2126304a42212d3
225,VirusShare_e28c2d68a6f13e81d321712888c89e52
226,VirusShare_e625aafb870488885248c58d8cdaeacd
227,VirusShare_e8b4b0c152ea5c8f62636748d81bd87d
228,VirusShare_e95ee0d0dca9a8e294b19275e8f05144
229,VirusShare_eb5bb9000b9da517107282125ef0edae
230,VirusShare_f2430c97325bb3eca9667279fb36fe3a
231,VirusShare_f3c3a5661a48e54021962add7c8b57ab
232,VirusShare_0efba97f1542bb5e0940f9e1de6157d5
233,VirusShare_12d868ade515902e8de93378eefe10f7
234,VirusShare_1b60c5460235aa53c95a9419d5ff0367
235,VirusShare_1dfa5aa9145dfe1cd8447ef07dbc116f
236,VirusShare_216689923cdefcf3dc34050a5de91551
237,VirusShare_21db7d9ce677c84f25645b38f7d224d6
238,VirusShare_229635c8475d233c2406322308c34994
239,VirusShare_37e6fb30284bae58094a81f7394bb31b
240,VirusShare_3e1f4b34e5753e6e10437ce76d1e4fe3
241,VirusShare_4341a2a43a54aebbb1b2f32cdf87054e
242,VirusShare_4829d5d7d6e8c49999f7595f7896ce69
243,VirusShare_5cdf6b29fa7dd3275702bdbf64963aa3
244,VirusShare_68078e79214f7f43e01772d86b8127ff
245,VirusShare_6eb66288a6716ebfc6a09e9af1a68788
246,VirusShare_7e2fe4a19fc7c258d416e16807fedd7a
247,VirusShare_8061c6c939afada833e1984f484a9dcc
248,VirusShare_80b5fa04edd1b5e9f577ad71e81eca74
249,VirusShare_893434ddfada964ec807b866de0e34af
250,VirusShare_96936efbfa096e4fe7f051a308a9194f
251,VirusShare_a3f3501ce46b310ad53ab57b48fbbdd4
252,VirusShare_a5a659aad9f497139c2f21bc79ad65ea
253,VirusShare_ab732e1a79275acc23200116d814d00c
254,VirusShare_b2a1f6fe7df3efc7ef3350a6886b6e40
255,VirusShare_be91e57851e9763021cd728e42ddf0ef
256,VirusShare_c0ea9430729598a98ede70ccc4d7b1aa
257,VirusShare_c7ebfd2a12bb692085c620565485410d
258,VirusShare_c8e823f169508cef3c8b3362462c0892
259,VirusShare_d477539033ed3682582cdf311be3b0fd
260,VirusShare_dcd0d5dd30542ca84be60cdcbb2d76d1
261,VirusShare_dd460c9d817d449b8c350e1f83047a84
262,VirusShare_e72e93997e814caecbc4255448bdc905
263,VirusShare_e76811ce857c02936fe9f490faef3759
264,VirusShare_eedb72406b8dbafa3026231ba657352d
265,VirusShare_efc8bdb28f03cb4be2ebaf24860d58b4
266,VirusShare_fa50f1e0b38d5963df4ab48b748ba745
267,VirusShare_fa7fb823b3b039c7de840b6d12bd4ef1
268,VirusShare_fad4e274f9ccda919e64dee01b4aaa96
269,VirusShare_fdef45b331dbf861cbab34067c4e262c
270,VirusShare_03bc7a8584fadeceb3d948304b531c3f
271,VirusShare_0a7da84873f2a4fe0fcc58c88bbbe39d
272,VirusShare_0ca3be2b8e0973fabb4a7d78d3ae9804
273,VirusShare_0d1a72a9d89d8c08245e951ccdee7f0d
274,VirusShare_0e80ea3183aace55705fa7b040f4b431
275,VirusShare_137eb9b6ef122857bde72f78962ed208
276,VirusShare_225ad6d8ae07d5ebb2155d150c2526f2
277,VirusShare_24233a7d375ee8566c10f5377e199333
278,VirusShare_300b7aff514d9d72891455bbe545718c
279,VirusShare_39f314cc1788c240318ac08384fd1e22
280,VirusShare_4152449afddf8517cbb1765a0583e95a
281,VirusShare_46dfea4e0cec40b632c9b8d34e158414
282,VirusShare_4b85f52469b895812c1a869fec944857
283,VirusShare_5962695c1402ce4b70645f759adcb76e
284,VirusShare_665da8827d411b9c3a194cfce77df09d
285,VirusShare_683afdef710bf3c96d42e6d9e7275130
286,VirusShare_695a4122879652c1a3d32bddb0957b35
287,VirusShare_698085456a4e23e41d889f72f9f5f1d0
288,VirusShare_6dba5dab78fb93a9b274328297cb4af4
289,VirusShare_71f512da26deeeceb7e41fbb6a5e3267
290,VirusShare_741b748602cf2922fa8ae411e9de604f
291,VirusShare_77f9eb396a21c83844eef9532fcafcbd
292,VirusShare_8032907fa2df3a58d65b2de85bc67d07
293,VirusShare_84b0112142cc2c3480f69e115f79d653
294,VirusShare_853c44d5408781395f3ac65e768f7e65
295,VirusShare_89cc79cf87e9b767fd41681f07eb0d64
296,VirusShare_8aa10fc713d67d4ab34031a6f27024ba
297,VirusShare_8be179b0bd9ff6e30e7ec1f9c00b3262
298,VirusShare_a096fe2a19e1f8d801410c627c72b160
299,VirusShare_a58ececcd236f78007a2c6e00068070a
300,VirusShare_b8a9c7e281ca8201f517148ddd307437
301,VirusShare_bd838a18cbdedecb498d318b018f48d4
302,VirusShare_be47879d91b60ab71884bb413dd9f4c5
303,VirusShare_bf500246fd7f5cf6b3841df57a815ae3
304,VirusShare_cb10fb803dc1f81b4bd324a5859b3ed5
305,VirusShare_d45931632ed9e11476325189ccb6b530
306,VirusShare_df30ad7d38670d3dec1ff72f1638270b
307,VirusShare_ef49780995d9bab25bcb4b70bd206df4
308,VirusShare_f68a3c47f72779ccc762351468c213fc
309,VirusShare_f718a59cfa511acd0487c15785410075
310,VirusShare_fe82adcdca51ef8038b2c9cbf7671e7a
311,VirusShare_1b43784d37497e002083a6e2f9af6ad3
312,VirusShare_2d52a88f284c1af09a1a8a323ea93848
313,VirusShare_3af9093c74906b2d68e3cde5d5482f07
314,VirusShare_3bcfdf81f54e336d5e7b4d2d2e5d05b8
315,VirusShare_3d4e80bb455b2317417ec6e0bb259ab5
316,VirusShare_5fce9744e8d1d310b70d1f3a9ce4979f
317,VirusShare_61dfd8e9d0df201d9e74adbfcd35516f
318,VirusShare_77aea9e8e9a8c23d51ad40991823c61d
319,VirusShare_8e0c0cc5482335abc2a8c4b8a0dc0a59
320,VirusShare_8f3214e16c67ba973d6de457ff54339c
321,VirusShare_9f35b2ea6d8b99eea738a5c7b0f08f3b
322,VirusShare_a741b57e297032272f0fb6a7a62eb17f
323,VirusShare_af0134f99aa540d172eba4b8735b1b8a
324,VirusShare_c566f9b08b005093820e0c368b70e1bb
325,VirusShare_c6d88e4a718a8ee9b7203d390015a2ca
326,VirusShare_c81fa48b6dbf6ac8258949069384ed51
327,VirusShare_d2966ca1150c155e1059137b879fbff1
328,VirusShare_d92db6b734b1db3874396506613a4962
329,VirusShare_dd19adb9de2eddee2f20c6586f2b306b
330,VirusShare_e09b74824cd2b378507daeada31e702e
331,VirusShare_e3204df1cd66280a4c2f54f24d8d127f
332,VirusShare_e35fc25ae8248166fd699925a09c5379
333,VirusShare_e60a0c63bdb582193a4094ca98f05eaa
334,VirusShare_e7c9d5568ed5c646c410e3928ab9a093
335,VirusShare_e9202877f74343ba4aa800aa21ecd305
336,VirusShare_09a7d321e5ce13f6665d9ac11048dbdd
337,VirusShare_0b7b52302c8c5df59d960dd97e3abdaf
338,VirusShare_1048d06715c5ffa0063fe7c65ff265f0
339,VirusShare_12d090b3a33ecf638cc5ac56ab46a559
340,VirusShare_14d63f4f0a051f6f499e48a926cad2d3
341,VirusShare_171097f6c8ead524d220806a7bd907f9
342,VirusShare_200145e8e34bfa4d77bb6c7469efb39c
343,VirusShare_2088bda3a4d241d5b4d2769afd4f78e0
344,VirusShare_252f580a1cd8c35c54f39c89c0929c08
345,VirusShare_270ae0bdbc030fc4fbcc4bd56de5e468
346,VirusShare_2b99305fdd451f60f935efb4fd4fb9be
347,VirusShare_2ca490dca485c5e7b3d17cca88e76f88
348,VirusShare_2ffc26d3da2bc20fc664d285b6ad659b
349,VirusShare_34c6327e14dfb015865a455dbc1f33b7
350,VirusShare_37656f778382768613dde3b7167327e3
351,VirusShare_41a4fe7cb1a15a4a1ed1225dd388cc1a
352,VirusShare_464649397eddd2a7e51e91a20f68f4b8
353,VirusShare_481de74425ee2dfe3dc8c77e2ad1a3b2
354,VirusShare_4d422c12d1ef0e4b27742a51e7fec8a3
355,VirusShare_4f21887ef3a713158fe158c39ad1ff68
356,VirusShare_4f74df55ff11ae52b59a5ae086593347
357,VirusShare_5be6d2af11eef5264ecc51697c510cd7
358,VirusShare_5c09c68b5bb3996f903218bc0e101025
359,VirusShare_5c61f3dabf827c4c6ff1a6c4cde96d3d
360,VirusShare_6609643c1009ab8597d06c278bbecf9a
361,VirusShare_6d12547772b57a6da2b25d2188451983
362,VirusShare_6fa2b435b3c60272084962002468840b
363,VirusShare_709239b93aebd33c30092e7514836327
364,VirusShare_82b752fc42b57355d2294393ce6a87b1
365,VirusShare_8a31fa35b44aefbe10dc18fdc8236450
366,VirusShare_8c0019981fca4d91c9b6288907f10b45
367,VirusShare_8cc13fea61cc0ba1382a779ee46726f0
368,VirusShare_8d7f79c76d8ae3323bc1b8b6dde03afe
369,VirusShare_980bb07fb0e78ca46116bf1eca38340f
370,VirusShare_99c431104e91d392547df2b1e2322d62
371,VirusShare_9f19f347cdd95dc752d52f2388742956
372,VirusShare_a00f56c57e2a1b336e8c5534e4f5c3b2
373,VirusShare_a0d8977ed95976ea22fdfcf75c4d983f
374,VirusShare_a898fd9994613274e733fb17e8a6faa0
375,VirusShare_ac1e4a4a2fa21a9f5c2a62eef167a68c
376,VirusShare_acfdfa3e2acbc7bbdac5b558cdd6a7d4
377,VirusShare_ae0f636e46c77c871dc500ccd2b2f0f7
378,VirusShare_b9e83e658b49b3bc5b0a29ce2a723178
379,VirusShare_c99ec657ce6c0b52df33668ea33d6fea
380,VirusShare_d427390e9fad598ec3288c9275c84628
381,VirusShare_d4a7e2883571bd5aadc8c42e7dde6288
382,VirusShare_dc9b45b070a470ee96ca9d71170cf985
383,VirusShare_e322b2f7ccc5766cdbecc9966eed8259
384,VirusShare_e8f0591076498c50e78504b4fb2055d3
385,VirusShare_ebc04c1870f513752a97791489b779ca
386,VirusShare_f015194e23fad8e8ba37bf3e4fdc1852
387,VirusShare_f2396f6f6eae3ae7c6916191fd96946a
388,VirusShare_f24411bf98dedeb5c9da60e90c2d9c35
389,VirusShare_f529e5b6f5587cd37ded27d495efe97a
390,VirusShare_f8a7273ef763776e5612ac1f47f6d405
391,VirusShare_f93a2db1e096cc876b72aeaae82451f9
392,VirusShare_f9e10faef0712dce0de17f4015548827
393,VirusShare_ff3e2ea5c5a99a1fce16d3e1268f02dd
394,VirusShare_ffc4c2726e09b4065d6e45e10eae9350
